INSERT INTO LICE(IDL,IMEL,PRZL,VRSTAL, MES_PRIHODIL)VALUES('L1','Marko','Markovic','FIZICKO', 90000);
INSERT INTO LICE(IDL,IMEL,PRZL,VRSTAL, MES_PRIHODIL)VALUES('L2','Ana','Antic','PRAVNO', 200000);
INSERT INTO LICE(IDL,IMEL,PRZL,VRSTAL, MES_PRIHODIL)VALUES('L3','Milica','Mandic','FIZICKO', 110000);
INSERT INTO LICE(IDL,IMEL,PRZL,VRSTAL, MES_PRIHODIL)VALUES('L4','Nemanja','Nemanjic','FIZICKO', 80000);
INSERT INTO LICE(IDL,IMEL,PRZL,VRSTAL, MES_PRIHODIL)VALUES('L5','Danica','Danicic','PRAVNO', 300000);
INSERT INTO LICE(IDL,IMEL,PRZL,VRSTAL, MES_PRIHODIL)VALUES('L6','Milan','Majstorovic','FIZICKO', 150000);
COMMIT;

INSERT INTO VRSTAOBJEKTA(IDVO,NAZIVVO) VALUES(1,'Poslovni prostor');
INSERT INTO VRSTAOBJEKTA(IDVO,NAZIVVO) VALUES(2,'Stan');
INSERT INTO VRSTAOBJEKTA(IDVO,NAZIVVO) VALUES(3,'Kuca');
INSERT INTO VRSTAOBJEKTA(IDVO,NAZIVVO) VALUES(4,'Garaza');
INSERT INTO VRSTAOBJEKTA(IDVO,NAZIVVO) VALUES(5,'Skladiste');
COMMIT;

INSERT INTO OBJEKAT(IDO,IDL,IDVO,POVRSINA,ADRESA,VREDNOST)VALUES(1,'L2',5,80,'Velebitska 15/2',40000);
INSERT INTO OBJEKAT(IDO,IDL,IDVO,POVRSINA,ADRESA,VREDNOST)VALUES(2,'L1',2,106,'Balzakova 8/15',100000);
INSERT INTO OBJEKAT(IDO,IDL,IDVO,POVRSINA,ADRESA,VREDNOST)VALUES(3,'L2',3,150,'Zlatne grede 16',90000);
INSERT INTO OBJEKAT(IDO,IDL,IDVO,POVRSINA,ADRESA,VREDNOST)VALUES(4,'L3',4,20,'Mileticeva 16a', 15000);
INSERT INTO OBJEKAT(IDO,IDL,IDVO,POVRSINA,ADRESA,VREDNOST)VALUES(5,'L6',2,72,'Strazilovska 14', 95000);
INSERT INTO OBJEKAT(IDO,IDL,IDVO,POVRSINA,ADRESA,VREDNOST)VALUES(6,'L6',1,125,'Pasterova 28/11', 100000);
INSERT INTO OBJEKAT(IDO,IDL,IDVO,POVRSINA,ADRESA,VREDNOST)VALUES(7,'L3',2,48,'Fruskogorska 8', 70000);
INSERT INTO OBJEKAT(IDO,IDL,IDVO,POVRSINA,ADRESA,VREDNOST)VALUES(8,'L4',2,63,'Sutjeska 256', 88000);
COMMIT;

INSERT INTO BILANSSTANJA(IDBS,IDL,SALDO,DUG,KAMATA)VALUES(1,'L1',105020,0,0);
INSERT INTO BILANSSTANJA(IDBS,IDL,SALDO,DUG,KAMATA)VALUES(2,'L2',-153789,130.456,23333);
INSERT INTO BILANSSTANJA(IDBS,IDL,SALDO,DUG,KAMATA)VALUES(3,'L3',250000,0,0);
INSERT INTO BILANSSTANJA(IDBS,IDL,SALDO,DUG,KAMATA)VALUES(4,'L4',150000,0,0);
INSERT INTO BILANSSTANJA(IDBS,IDL,SALDO,DUG,KAMATA)VALUES(5,'L5',-366405,322360,44045);
INSERT INTO BILANSSTANJA(IDBS,IDL,SALDO,DUG,KAMATA)VALUES(6,'L6',-121012,111000,10012);
COMMIT;